[
    {
        "id": 0,
        "name": "da sam ti inavlid",
        "question": "Сколько слогов в слове превысокомногорассмотрительствующий?",
        "bindingContent": {
            "name": "n"
        },
        "answers": [
            "11",
            "12",
            "13",
            "14"
        ],
        "answersStatus": [
            1,
            1,
            1,
            1
        ],
        "correct": 2
    },
    {
        "id": 1,
        "name": "da sam ti inavlid",
        "question": "8:2(2+2)=",
        "bindingContent": {
            "name": "n"
        },
        "answers": [
            "1",
            "4",
            "8",
            "16"
        ],
        "answersStatus": [
            1,
            1,
            1,
            1
        ],
        "correct": 3
    },
    {
        "id": 2,
        "name": "da sam ti inavlid",
        "question": "Где на данной фотографии животное",
        "bindingContent": {
            "name": "image",
            "src" : "f.jpg"
        },
        "answers": [
            "1",
            "2",
            "3",
            "4",
            "нет его тутъ"
        ],
        "answersStatus": [
            1,
            1,
            1,
            1,
            1
        ],
        "correct": 4
    },
    {
        "id": 3,
        "name": "da sam ti inavlid",
        "question": "Что за звуки",
        "bindingContent": {
            "name": "audio",
            "src" : "q.mp3"
        },
        "answers": [
            "мнут бумагу",
            "это же снег",
            "конечно же костер",
            "мыло режут",
            "режут мел",
            "ветки гнут",
            "протекание реакции 2MgSO4+2Na2CO3+H2O=(MgOH)2CO3¯+2Na2SO4+CO2"
        ],
        "answersStatus": [
            1,
            1,
            1,
            1,
            1,1,1
        ],
        "correct": 3
    }
    ,
    {
        "id": 4,
        "name": "da sam ti inavlid",
        "question": "Знаменитая банда «Дырявые сапоги» под предводительствомДжесси Джейкса ограбила почтовый поезд недалеко от городка Тамблвид и скрылась с большущим мешком серебряныхдолларов. Через пару дней бандиты встретились в таверне Муларки, чтобы поделить добычу. Джесси предложил следующий план:«Я заберу сотню долларов и одну шестую всего, что потом останется, — сказал он, — потом Пит возьмет $200 и шестую частьоставшегося. Потом Док возьмет $300 и шестую того, что останется, потом Билли возьмет $400 и шестую часть оставшегося, аБобби возьмет себе все, что останется после этого».Бобби такой план совсем не понравился, и он уже собиралсявозразить, но его опасения оказались напрасными. Придуманный Джесси план гарантировал, что все будет поделено поровну. Так сколько же серебряных долларов у них было?",
        "bindingContent": {
            "name": "n"
        },
        "answers": [
            "2000",
            "1500",
            "2500",
            "3100",
            "1700",
            "3200",
            "990"
        ],
        "answersStatus": [
            1,
            1,
            1,
            1,
            1,1,1
        ],
        "correct": 2
    },
    {
        "id": 5,
        "name": "da sam ti inavlid",
        "question": "Что за трек",
        "bindingContent": {
            "name": "audio",
            "src" : "n.mp3"
        },
        "answers": [
            "BLACKPINK - 'How You Like That' DANCE PERFORMANCE VIDEO",
            "BTS (방탄소년단) 'Dynamite' Official MV",
            "MORGENSHTERN - 'How You Like That'"
        ],
        "answersStatus": [
            1,
            1,
            1
        ],
        "correct": 1
    }
    ,
    {
        "id": 6,
        "name": "da sam ti inavlid",
        "question": "Что за трек",
        "bindingContent": {
            "name": "audio",
            "src" : "m.mp3"
        },
        "answers": [
            "ICE",
            "Малышка",
            "РАТАТАТАТА",
            "TURN IT ON!"
        ],
        "answersStatus": [
            1,
            1,
            1,1
        ],
        "correct": 0
    }
]